Last update,Country,Registration authority,Vessel name,National registration number,Vessel registration number,IRCS (if applicable),MMSI (if applicable),Operational status (Activity indicator),Port of registration,GSA 1,GSA 2 (if any),GSA 3 (if any),Year of entry into fishing activity (if any),Licence indicator,Fishing gear 1,Fishing gear 2 (if any),Fishing gear 3 (if any),LOA,GT,Engine Power (kW),Fleet segment,Construction year,VMS indicator,IMO number (if applicable),Previous vessel name (if any),Previous flag State (if any),Previous deletion from other registers (if any),Period authorized for fishing and/or transshipping - Starting date (if applicable),Period authorized for fishing and/or transshipping - Ending date (if applicable),Power of auxiliary engine(s) (if any),Hull material,Powered/motorized (indicator),Fish hold capacity (m3),Lights for fishing,Navigation equipment,Communication equipment,Fish finder,Deck machinery,Refrigeration equipment,Fish processing equipment,Safety equipment,Period authorized for fishing with demersal trawl gear (starting date),Period authorized for fishing with demersal trawl gear (ending date),Notes,Main fishing gear
2025-08-18,Spain,DGMM,ELI HERMI II,3TA-3-2621,ESP000006061,EGLX,224126630.0,Yes,Llansa,07,06,NOT REPORTED,1976,Yes,OTB,NK,NK,26.9,113.0,538.24,T-12,1973.0,Yes,7393846,,,,,,7.35,Metal,Yes,,,,,,,,,,2024-01-01 00:00:00,2024-12-31 00:00:00,,Single boat bottom otter trawls
2025-08-18,Spain,DGMM,DON BORJA,3HU-2-1874,ESP000006078,EA2947,224106860.0,Yes,Llansa,07,06,NOT REPORTED,1977,Yes,OTB,NK,NK,24.2,102.4,330.0,T-12,1977.0,Yes,2820739,,,,,,0.0,Wood,Yes,,,,,,,,,,2024-01-01 00:00:00,2024-12-31 00:00:00,,Single boat bottom otter trawls
2025-08-18,Spain,DGMM,GERMANS MAURA,3TA-1-3-91,ESP000022202,EA4596,224047490.0,Yes,Llansa,07,06,NOT REPORTED,1991,Yes,OTB,NK,NK,19.6,66.34,294.12,T-11,1991.0,Yes,,,,,,,4.41,Wood,Yes,,,,,,,,,,2024-01-01 00:00:00,2024-12-31 00:00:00,,Single boat bottom otter trawls
2025-08-18,Spain,DGMM,FERRAN,3BA-3-2644,ESP000022347,EB6872,224248220.0,Yes,Mahón,05,07,NOT REPORTED,1991,Yes,OTB,NK,NK,15.5,21.54,91.91,T-11,1991.0,Yes,,,,,,,0.0,Fiberglass/Plastic,Yes,,,,,,,,,,2024-01-01 00:00:00,2024-12-31 00:00:00,,Single boat bottom otter trawls
2025-08-18,Spain,DGMM,ESTEL D'ROSES,3BA-6-1-94,ESP000022867,EA9974,224095180.0,Yes,Rosas,06,07,NOT REPORTED,1994,Yes,OTB,NK,NK,22.9,65.16,158.82,T-11,1994.0,Yes,,,,,,,6.62,Fiberglass/Plastic,Yes,,,,,,,,,,2024-01-01 00:00:00,2024-12-31 00:00:00,,Single boat bottom otter trawls
2025-08-18,Spain,DGMM,COSTA MEDITERRANIA,3BA-6-3-94,ESP000023017,EA7559,224096950.0,Yes,Llansa,07,06,NOT REPORTED,1995,Yes,OTB,NK,NK,25.0,110.0,235.29,T-12,1994.0,Yes,8734944,,,,,,22.06,Fiberglass/Plastic,Yes,,,,,,,,,,2024-01-01 00:00:00,2024-12-31 00:00:00,,Single boat bottom otter trawls
2025-08-18,Spain,DGMM,ROSA SALADIE SEGUNDO,3TA-1-4-95,ESP000023198,EA2330,224070490.0,Yes,Rosas,06,07,NOT REPORTED,1996,Yes,OTB,NK,NK,21.6,56.74,333.0,T-11,1995.0,Yes,,,,,,,7.35,Fiberglass/Plastic,Yes,,,,,,,,,,2024-01-01 00:00:00,2024-12-31 00:00:00,,Single boat bottom otter trawls
2025-08-18,Spain,DGMM,JOANET,3CP-3-6-95,ESP000023403,EA2308,224005270.0,Yes,Rosas,06,07,NOT REPORTED,1996,Yes,OTB,NK,NK,25.2,71.85,232.5,T-12,1996.0,Yes,2832500,,,,,,0.0,Fiberglass/Plastic,Yes,,,,,,,,,,2024-01-01 00:00:00,2024-12-31 00:00:00,,Single boat bottom otter trawls
2025-08-18,Spain,DGMM,NORAI,3BA-3-2-98,ESP000024017,EA3514,224072140.0,Yes,Rosas,06,07,NOT REPORTED,1998,Yes,OTB,NK,NK,23.3,61.1,232.42,T-11,1998.0,Yes,2845868,,,,,,7.35,Fiberglass/Plastic,Yes,,,,,,,,,,2024-01-01 00:00:00,2024-12-31 00:00:00,,Single boat bottom otter trawls
2025-08-18,Spain,DGMM,CATALINA GODO,3BA-6-1-99,ESP000024195,EA2435,224000390.0,Yes,Rosas,07,06,NOT REPORTED,1999,Yes,OTB,NK,NK,24.0,58.91,319.9,T-12,1998.0,Yes,,,,,,,0.0,Fiberglass/Plastic,Yes,,,,,,,,,,2024-01-01 00:00:00,2024-12-31 00:00:00,,Single boat bottom otter trawls
2025-08-18,Spain,DGMM,MARGARITA Y ELENA,3TA-1-3-00,ESP000024811,EA4961,224014890.0,Yes,Rosas,06,07,NOT REPORTED,2000,Yes,OTB,NK,NK,25.0,79.64,213.24,T-12,2000.0,Yes,2840387,,,,,,6.62,Fiberglass/Plastic,Yes,,,,,,,,,,2024-01-01 00:00:00,2024-12-31 00:00:00,,Single boat bottom otter trawls
2025-08-18,Spain,DGMM,NOU ESTEVE,3BA-6-6-02,ESP000025438,ECAY,224080940.0,Yes,Rosas,06,07,NOT REPORTED,2002,Yes,OTB,NK,NK,26.5,178.5,367.65,T-12,2002.0,Yes,8746131,,,,,,0.0,Fiberglass/Plastic,Yes,,,,,,,,,,2024-01-01 00:00:00,2024-12-31 00:00:00,,Single boat bottom otter trawls
2025-08-18,Spain,DGMM,PALANDRIU,3BA-6-7-02,ESP000025440,EA6271,224072190.0,Yes,Llansa,07,06,NOT REPORTED,2002,Yes,OTB,NK,NK,24.9,81.15,347.79,T-12,2002.0,Yes,8799906,,,,,,0.0,Fiberglass/Plastic,Yes,,,,,,,,,,2024-01-01 00:00:00,2024-12-31 00:00:00,,Single boat bottom otter trawls
2025-08-18,Spain,DGMM,ROCA FORNE,3TA-1-4-04,ESP000026181,EA8474,224303360.0,Yes,Rosas,06,07,NOT REPORTED,2004,Yes,OTB,NK,NK,16.4,22.27,81.64,T-11,2004.0,Yes,8797635,,,,,,0.0,Fiberglass/Plastic,Yes,,,,,,,,,,2024-01-01 00:00:00,2024-12-31 00:00:00,,Single boat bottom otter trawls
2025-08-18,Spain,DGMM,PORT DE ROSES,3BA-6-2-05,ESP000026405,EA8262,224160250.0,Yes,Rosas,06,07,NOT REPORTED,2005,Yes,OTB,NK,NK,27.4,100.3,341.91,T-12,2005.0,Yes,8799140,,,,,,75.02,Fiberglass/Plastic,Yes,,,,,,,,,,2024-01-01 00:00:00,2024-12-31 00:00:00,,Single boat bottom otter trawls
2025-08-18,Spain,DGMM,NOVA ARMONIA,3TA-1-5-05,ESP000026598,ECKP,224175320.0,Yes,Llansa,07,06,NOT REPORTED,2006,Yes,OTB,NK,NK,26.1,114.1,323.53,T-12,2005.0,Yes,8743701,,,,,,51.48,Fiberglass/Plastic,Yes,,,,,,,,,,2024-01-01 00:00:00,2024-12-31 00:00:00,,Single boat bottom otter trawls
2025-08-18,Spain,DGMM,J.GARRIGA,3BA-2-1-06,ESP000026788,EA7886,224200490.0,Yes,Llansa,07,06,NOT REPORTED,2006,Yes,OTB,NK,NK,26.3,90.25,312.5,T-12,2006.0,Yes,2242004,,,,,,58.84,Fiberglass/Plastic,Yes,,,,,,,,,,2024-01-01 00:00:00,2024-12-31 00:00:00,,Single boat bottom otter trawls
2025-08-18,Spain,DGMM,PASTOR SEGON,3BA-6-6-06,ESP000026926,EA9285,224218850.0,Yes,Rosas,06,07,NOT REPORTED,2007,Yes,OTB,NK,NK,27.1,96.49,367.65,T-12,2007.0,Yes,8799190,,,,,,58.84,Fiberglass/Plastic,Yes,,,,,,,,,,2024-01-01 00:00:00,2024-12-31 00:00:00,,Single boat bottom otter trawls
2025-08-18,Spain,DGMM,PAPA BARRANCO,3CP-2-3-06,ESP000026961,EA9288,224222430.0,Yes,Port de la Selva,07,06,NOT REPORTED,2007,Yes,OTB,NK,NK,27.1,88.36,367.65,T-12,2007.0,Yes,8784597,,,,,,58.84,Fiberglass/Plastic,Yes,,,,,,,,,,2024-01-01 00:00:00,2024-12-31 00:00:00,,Single boat bottom otter trawls
2025-08-18,Spain,DGMM,MONTSENY,3BA-3-1-13,ESP000027522,EA4219,225980880.0,Yes,Rosas,06,07,NOT REPORTED,2013,Yes,OTB,NK,NK,23.9,74.16,360.0,T-11,2013.0,Yes,,,,,,,58.84,Fiberglass/Plastic,Yes,,,,,,,,,,2024-01-01 00:00:00,2024-12-31 00:00:00,,Single boat bottom otter trawls
2026-06-08,France,FRA,AARON,933069,ESP000027166,FITY,228065800.0,Not reported,ST,07,NOT REPORTED,NOT REPORTED,2015,Yes,OTM,OTB,NK,24.99,0.0,298.0,T-12,2007.0,Yes,,,,,,,,Fiberglass/Plastic,Yes,,,,,,,,,,2025-01-01 00:00:00,2025-12-31 00:00:00,,Single boat midwater otter trawls
2026-06-08,France,FRA,ANDRE LIVIA,541682,FRA000541682,FS6446,227321890.0,Not reported,ST,07,NOT REPORTED,NOT REPORTED,1981,Yes,OTB,OTM,NK,21.0,49.85,316.0,T-11,1981.0,Yes,,,,,,,,Fiberglass/Plastic,Yes,,,,,,,,,,2025-01-01 00:00:00,2025-12-31 00:00:00,,Single boat bottom otter trawls
2026-06-08,France,FRA,ANGEVANN,915202,FRA000915202,FW4022,227312050.0,Not reported,MA,07,NOT REPORTED,NOT REPORTED,1998,Yes,OTB,NK,NK,18.5,40.19,205.0,T-11,1998.0,Yes,,,,,,,,Fiberglass/Plastic,Yes,,,,,,,,,,2025-01-01 00:00:00,2025-12-31 00:00:00,,Single boat bottom otter trawls
2026-06-08,France,FRA,BARRACUDA II,917371,FRA000917371,FMIF,228236800.0,No,ST,07,NOT REPORTED,NOT REPORTED,2006,Yes,OTB,OTM,NK,22.65,82.32,316.0,T-11,2005.0,Yes,9099585,,,,,,,Fiberglass/Plastic,Yes,,,,,,,,,,2025-01-01 00:00:00,2025-12-31 00:00:00,,Single boat bottom otter trawls
2026-06-08,France,FRA,BELLE ILE II,925347,FRA000925347,FMJY,228248700.0,No,ST,07,NOT REPORTED,NOT REPORTED,2006,Yes,OTB,OTM,NK,24.95,104.54,316.0,T-12,2006.0,Yes,,,,,,,,Fiberglass/Plastic,Yes,,,,,,,,,,2025-01-01 00:00:00,2025-12-31 00:00:00,,Single boat bottom otter trawls
2026-06-08,France,FRA,BENJAMIN JEREMY,330168,FRA000330168,FO8094,227319190.0,Not reported,ST,07,NOT REPORTED,NOT REPORTED,1976,Yes,OTM,OTB,NK,18.29,28.82,316.0,T-11,1976.0,Yes,,,,,,,,Wood,Yes,,,,,,,,,,2025-01-01 00:00:00,2025-12-31 00:00:00,,Single boat midwater otter trawls
2026-06-08,France,FRA,BERNADETTE 2,330139,FRA000330139,FO4795,227588520.0,Not reported,MT,07,NOT REPORTED,NOT REPORTED,1979,Yes,OTM,OTB,NK,23.9,49.89,316.0,T-11,1976.0,Yes,,,,,,,,Fiberglass/Plastic,Yes,,,,,,,,,,2025-01-01 00:00:00,2025-12-31 00:00:00,,Single boat midwater otter trawls
2026-06-08,France,FRA,CHARLES GILBERTE II,900283,FRA000900283,FMJN,,No,ST,07,NOT REPORTED,NOT REPORTED,2006,Yes,OTB,OTM,NK,24.9,133.84,316.0,T-12,2006.0,Not reported,9095682,,,,,,,Metal,Yes,,,,,,,,,,2025-01-01 00:00:00,2025-12-31 00:00:00,,Single boat bottom otter trawls
2026-06-08,France,FRA,CHEPHREN,555523,FRA000555523,FHBW,227902000.0,Not reported,ST,07,NOT REPORTED,NOT REPORTED,1984,Yes,OTB,OTM,NK,20.4,49.0,295.0,T-11,1984.0,Yes,,,,,,,,Metal,Yes,,,,,,,,,,2025-01-01 00:00:00,2025-12-31 00:00:00,,Single boat bottom otter trawls
2026-06-08,France,FRA,CHRISTIANE ROGER,711693,FRA000711693,FVNJ,227130300.0,Not reported,ST,07,NOT REPORTED,NOT REPORTED,1988,Yes,OTB,OTT,NK,18.5,71.82,316.0,T-11,1988.0,Yes,,,,,,,,Fiberglass/Plastic,Yes,,,,,,,,,,2025-01-01 00:00:00,2025-12-31 00:00:00,,Single boat bottom otter trawls
2026-06-08,France,FRA,DANIELE-MARIE,753091,FRA000753091,FGLZ,228263000.0,No,ST,07,NOT REPORTED,NOT REPORTED,1990,Yes,OTB,OTM,NK,20.79,74.58,316.0,T-11,1990.0,Yes,8229016,,,,,,,Metal,Yes,,,,,,,,,,2025-01-01 00:00:00,2025-12-31 00:00:00,,Single boat bottom otter trawls
2026-06-08,France,FRA,EDOUARD FRANCOIS,916462,FRA000916462,FVBZ,228178900.0,No,PV,07,NOT REPORTED,NOT REPORTED,2003,Yes,OTB,OTM,NK,24.95,100.0,316.0,T-12,2003.0,Yes,9099614,,,,,,,Fiberglass/Plastic,Yes,,,,,,,,,,2025-01-01 00:00:00,2025-12-31 00:00:00,,Single boat bottom otter trawls
2026-06-08,France,FRA,ERCOLE-LUCIE,595980,FRA000595980,FT6962,227322420.0,Not reported,ST,07,NOT REPORTED,NOT REPORTED,1983,Yes,OTM,OTB,NK,24.75,79.85,316.0,T-12,1983.0,Yes,,,,,,,,Wood,Yes,,,,,,,,,,2025-01-01 00:00:00,2025-12-31 00:00:00,,Single boat midwater otter trawls
2026-06-08,France,FRA,GIOVANNI JEAN 2,836738,FRA000836738,FKOB,227305360.0,No,PV,07,NOT REPORTED,NOT REPORTED,1995,Yes,OTM,OTB,NK,24.9,119.78,316.0,T-12,1995.0,Yes,,,,,,,,Fiberglass/Plastic,Yes,,,,,,,,,,2025-01-01 00:00:00,2025-12-31 00:00:00,,Single boat midwater otter trawls
2026-06-08,France,FRA,GIOVANNI-JEAN,916474,FRA000916474,FQCZ,228149700.0,No,PV,07,NOT REPORTED,NOT REPORTED,2002,Yes,OTM,OTB,NK,24.9,44.0,316.0,T-12,2002.0,Yes,8229092,,,,,,,Fiberglass/Plastic,Yes,,,,,,,,,,2025-01-01 00:00:00,2025-12-31 00:00:00,,Single boat midwater otter trawls
2026-06-08,France,FRA,JEAN LOUIS VINCENT,923734,FRA000923734,FQBL,227146600.0,No,ST,07,NOT REPORTED,NOT REPORTED,2002,Yes,OTB,OTM,NK,24.9,100.0,316.0,T-12,2001.0,Yes,8663444,,,,,,,Metal,Yes,,,,,,,,,,2025-01-01 00:00:00,2025-12-31 00:00:00,,Single boat bottom otter trawls
2026-06-08,France,FRA,JEAN MICHEL LOUIS II,636287,FRA000636287,FH8021,227317980.0,Not reported,ST,07,NOT REPORTED,NOT REPORTED,1985,Yes,OTM,OTB,NK,21.1,49.91,316.0,T-11,1985.0,Yes,,,,,,,,Fiberglass/Plastic,Yes,,,,,,,,,,2025-01-01 00:00:00,2025-12-31 00:00:00,,Single boat midwater otter trawls
2026-06-08,France,FRA,JOSEPH,386543,FRA000386543,FOFU,227317860.0,Not reported,ST,07,NOT REPORTED,NOT REPORTED,1977,Yes,OTM,OTB,NK,20.05,43.71,316.0,T-11,1977.0,Yes,,,,,,,,Fiberglass/Plastic,Yes,,,,,,,,,,2025-01-01 00:00:00,2025-12-31 00:00:00,,Single boat midwater otter trawls
2026-06-08,France,FRA,JOSEPH DI TRENTO,568849,FRA000568849,FT3859,227318890.0,Not reported,MA,07,NOT REPORTED,NOT REPORTED,1981,Yes,OTB,NK,NK,21.0,49.0,316.0,T-11,1981.0,Yes,,,,,,,,Fiberglass/Plastic,Yes,,,,,,,,,,2025-01-01 00:00:00,2025-12-31 00:00:00,,Single boat bottom otter trawls
2026-06-08,France,FRA,JULIARTH II,900290,FRA000900290,FRAG,228168900.0,No,ST,07,NOT REPORTED,NOT REPORTED,2003,Yes,OTM,OTB,NK,24.9,99.22,316.0,T-12,2003.0,Yes,9099597,,,,,,,Fiberglass/Plastic,Yes,,,,,,,,,,2025-01-01 00:00:00,2025-12-31 00:00:00,,Single boat midwater otter trawls
2026-06-08,France,FRA,KELIA MAELLE,663275,FRA000663275,FHFK,227520000.0,Not reported,ST,07,NOT REPORTED,NOT REPORTED,1986,Yes,OTB,OTM,NK,19.48,49.46,249.0,T-11,1986.0,Yes,,,,,,,,Metal,Yes,,,,,,,,,,2025-01-01 00:00:00,2025-12-31 00:00:00,,Single boat bottom otter trawls
2026-06-08,France,FRA,L'AMBRE MARIN,533056,FRA000533056,FS5443,227318490.0,Not reported,ST,07,NOT REPORTED,NOT REPORTED,1980,Yes,OTB,OTM,NK,21.0,48.0,316.0,T-11,1980.0,Yes,,,,,,,,Fiberglass/Plastic,Yes,,,,,,,,,,2025-01-01 00:00:00,2025-12-31 00:00:00,,Single boat bottom otter trawls
2026-06-08,France,FRA,LANGUEDOCIEN,669389,FRA000669389,FU4047,227318540.0,Not reported,ST,07,NOT REPORTED,NOT REPORTED,1986,Yes,OTM,OTB,NK,19.5,40.0,316.0,T-11,1986.0,Yes,,,,,,,,Wood,Yes,,,,,,,,,,2025-01-01 00:00:00,2025-12-31 00:00:00,,Single boat midwater otter trawls
2026-06-08,France,FRA,LAURA THALIA II,652423,FRA000652423,FUZJ,227931000.0,No,ST,07,NOT REPORTED,NOT REPORTED,1985,Yes,OTB,OTM,NK,22.08,90.8,316.0,T-11,1984.0,Yes,8676374,,,,,,,Fiberglass/Plastic,Yes,,,,,,,,,,2025-01-01 00:00:00,2025-12-31 00:00:00,,Single boat bottom otter trawls
2026-06-08,France,FRA,L'ODYSSEE II,923715,FRA000923715,FGA3282,227142100.0,No,ST,07,NOT REPORTED,NOT REPORTED,2000,Yes,OTB,OTM,NK,24.9,99.22,316.0,T-12,2000.0,Yes,8663482,,,,,,,Fiberglass/Plastic,Yes,,,,,,,,,,2025-01-01 00:00:00,2025-12-31 00:00:00,,Single boat bottom otter trawls
2026-06-08,France,FRA,L'OISEAU DES ILES II,916488,FRA000916488,FMBR,228198600.0,No,PV,07,NOT REPORTED,NOT REPORTED,2004,Yes,OTM,OTB,NK,24.9,94.0,316.0,T-12,2004.0,Yes,9099626,,,,,,,Fiberglass/Plastic,Yes,,,,,,,,,,2025-01-01 00:00:00,2025-12-31 00:00:00,,Single boat midwater otter trawls
2026-06-08,France,FRA,LOU SETORI 2,624710,FRA000624710,FU4040,227139900.0,No,ST,07,NOT REPORTED,NOT REPORTED,1984,Yes,OTM,OTB,NK,24.97,75.72,316.0,T-12,1984.0,Yes,8783880,,,,,,,Wood,Yes,,,,,,,,,,2025-01-01 00:00:00,2025-12-31 00:00:00,,Single boat midwater otter trawls
2026-06-08,France,FRA,LOUIS ELIE II,916482,FRA000916482,FTOD,228172900.0,No,MA,07,NOT REPORTED,NOT REPORTED,2003,Yes,OTB,OTM,NK,24.9,100.0,316.0,T-12,2003.0,Yes,9099523,,,,,,,Fiberglass/Plastic,Yes,,,,,,,,,,2025-01-01 00:00:00,2025-12-31 00:00:00,,Single boat bottom otter trawls
2026-06-08,France,FRA,MARIE JEREMY,436731,FRA000436731,FI9090,227317550.0,Not reported,ST,07,NOT REPORTED,NOT REPORTED,1980,Yes,OTM,OTB,NK,20.25,38.8,316.0,T-11,1980.0,Yes,,,,,,,,Wood,Yes,,,,,,,,,,2025-01-01 00:00:00,2025-12-31 00:00:00,,Single boat midwater otter trawls
2026-06-08,France,FRA,MARINETTE GUY,916465,FRA000916465,FPLH,227145900.0,No,ST,07,NOT REPORTED,NOT REPORTED,2002,Yes,OTM,OTB,NK,24.95,93.6,316.0,T-12,2001.0,Yes,8229315,,,,,,,Fiberglass/Plastic,Yes,,,,,,,,,,2025-01-01 00:00:00,2025-12-31 00:00:00,,Single boat midwater otter trawls
2026-06-08,France,FRA,MATTHIAS-THOMAS,923716,FRA000923716,FOVO,227145300.0,No,ST,07,NOT REPORTED,NOT REPORTED,2001,Yes,OTM,OTB,NK,24.95,105.0,316.0,T-12,2001.0,Yes,8663494,,,,,,,Fiberglass/Plastic,Yes,,,,,,,,,,2025-01-01 00:00:00,2025-12-31 00:00:00,,Single boat midwater otter trawls
2026-06-08,France,FRA,MERIDIEN,568581,FRA000568581,FT2092,227321780.0,Not reported,ST,07,NOT REPORTED,NOT REPORTED,1981,Yes,OTB,NK,NK,21.0,49.78,316.0,T-11,1981.0,Yes,,,,,,,,Fiberglass/Plastic,Yes,,,,,,,,,,2025-01-01 00:00:00,2025-12-31 00:00:00,,Single boat bottom otter trawls
2026-06-08,France,FRA,MOGALOWEN,776414,FRA000776414,FKPC,227318650.0,No,ST,07,NOT REPORTED,NOT REPORTED,1989,Yes,OTM,OTB,NK,22.15,79.63,316.0,T-11,1988.0,Yes,8229121,,,,,,,Fiberglass/Plastic,Yes,,,,,,,,,,2025-01-01 00:00:00,2025-12-31 00:00:00,,Single boat midwater otter trawls
2026-06-08,France,FRA,NATHALIE VINCENT III,330140,FRA000330140,FO8330,227320750.0,Not reported,ST,07,NOT REPORTED,NOT REPORTED,1979,Yes,OTM,OTB,NK,24.0,49.38,316.0,T-12,1976.0,Yes,,,,,,,,Fiberglass/Plastic,Yes,,,,,,,,,,2025-01-01 00:00:00,2025-12-31 00:00:00,,Single boat midwater otter trawls
2026-06-08,France,FRA,ND DE LA GARDE,511553,FRA000511553,FPPE,228887000.0,Not reported,MA,07,NOT REPORTED,NOT REPORTED,1980,Yes,OTM,OTB,NK,19.43,49.97,316.0,T-11,1980.0,Yes,,,,,,,,Metal,Yes,,,,,,,,,,2025-01-01 00:00:00,2025-12-31 00:00:00,,Single boat midwater otter trawls
2026-06-08,France,FRA,NENE-FRANCINE,315095,FRA000315095,FP4711,227316290.0,Not reported,ST,07,NOT REPORTED,NOT REPORTED,1975,Yes,OTB,OTM,NK,20.2,27.52,316.0,T-11,1967.0,Yes,,,,,,,,Wood,Yes,,,,,,,,,,2025-01-01 00:00:00,2025-12-31 00:00:00,,Single boat bottom otter trawls
2026-06-08,France,FRA,NTE DAME DE LA GARDE II,916457,FRA000916457,FQCO,228146600.0,Not reported,PV,07,NOT REPORTED,NOT REPORTED,2002,Yes,OTB,OTM,NK,24.9,97.0,316.0,T-12,2002.0,Yes,,,,,,,,Fiberglass/Plastic,Yes,,,,,,,,,,2025-01-01 00:00:00,2025-12-31 00:00:00,,Single boat bottom otter trawls
2026-06-08,France,FRA,PAOLO MANOE,613327,FRA000613327,FO2401,227913000.0,Not reported,ST,07,NOT REPORTED,NOT REPORTED,1984,Yes,OTM,OTB,NK,24.9,79.37,316.0,T-12,1984.0,Yes,,,,,,,,Wood,Yes,,,,,,,,,,2025-01-01 00:00:00,2025-12-31 00:00:00,,Single boat midwater otter trawls
2026-06-08,France,FRA,PAOLO MANOE II,528896,FRA000528896,FT2360,227317720.0,Not reported,ST,07,NOT REPORTED,NOT REPORTED,1982,Yes,OTM,OTB,NK,24.95,77.98,316.0,T-12,1982.0,Yes,,,,,,,,Fiberglass/Plastic,Yes,,,,,,,,,,2025-01-01 00:00:00,2025-12-31 00:00:00,,Single boat midwater otter trawls
2026-06-08,France,FRA,PHENIX,631225,FRA000631225,FH2837,227317410.0,No,ST,07,NOT REPORTED,NOT REPORTED,2019,Yes,OTB,OTM,NK,24.9,91.22,316.0,T-12,1983.0,Yes,8229028,,,,,,,Fiberglass/Plastic,Yes,,,,,,,,,,2025-01-01 00:00:00,2025-12-31 00:00:00,,Single boat bottom otter trawls
2026-06-08,France,FRA,PHILICHRIST,494698,FRA000494698,FGCO,228218800.0,Not reported,MT,07,NOT REPORTED,NOT REPORTED,1981,Yes,OTB,OTM,NK,24.9,74.51,316.0,T-12,1981.0,Yes,,,,,,,,Wood,Yes,,,,,,,,,,2025-01-01 00:00:00,2025-12-31 00:00:00,,Single boat bottom otter trawls
2026-06-08,France,FRA,RAYMOND ELISE IV,916475,FRA000916475,FQDX,228154900.0,No,ST,07,NOT REPORTED,NOT REPORTED,2003,Yes,OTB,OTM,NK,24.95,100.0,316.0,T-12,2002.0,Yes,8657988,,,,,,,Fiberglass/Plastic,Yes,,,,,,,,,,2025-01-01 00:00:00,2025-12-31 00:00:00,,Single boat bottom otter trawls
2026-06-08,France,FRA,VINCENZO,374004,FRA000374004,FS5756,227321170.0,Not reported,ST,07,NOT REPORTED,NOT REPORTED,1977,Yes,OTB,NK,NK,22.56,49.46,221.0,T-11,1976.0,Yes,,,,,,,,Wood,Yes,,,,,,,,,,2025-01-01 00:00:00,2025-12-31 00:00:00,,Single boat bottom otter trawls
